var value,accuracy,number of features
0.01,0.674,193
0.02,0.684,75
0.03,0.674,37
0.04,0.699,19
0.05,0.7,11
0.060000000000000005,0.707,10
0.07,0.676,4
0.08,0.676,2
0.09,0.676,2
0.09999999999999999,0.676,1
0.10999999999999999,0.676,1
