var value,accuracy,number of features
0.01,0.716,193
0.02,0.731,75
0.03,0.733,37
0.04,0.742,19
0.05,0.715,11
0.060000000000000005,0.698,10
0.07,0.634,4
0.08,0.636,2
0.09,0.636,2
0.09999999999999999,0.676,1
0.10999999999999999,0.676,1
