var value,accuracy,number of features
0.01,0.669,193
0.02,0.696,75
0.03,0.685,37
0.04,0.712,19
0.05,0.701,11
0.060000000000000005,0.711,10
0.07,0.682,4
0.08,0.679,2
0.09,0.679,2
0.09999999999999999,0.679,1
0.10999999999999999,0.679,1
