var value,accuracy,number of features
0.05,0.676,1
0.1,0.676,1
0.15000000000000002,0.676,2
0.2,0.676,2
0.25,0.676,3
0.3,0.676,3
0.35,0.676,4
0.39999999999999997,0.676,6
0.44999999999999996,0.676,7
0.49999999999999994,0.676,8
0.5499999999999999,0.676,10
0.6,0.676,12
0.65,0.676,15
0.7000000000000001,0.672,18
0.7500000000000001,0.672,23
0.8000000000000002,0.68,29
0.8500000000000002,0.689,39
0.9000000000000002,0.662,57
0.9500000000000003,0.641,97
