var value,accuracy,number of features
0.05,0.474,1
0.1,0.474,1
0.15000000000000002,0.632,2
0.2,0.632,2
0.25,0.66,3
0.3,0.66,3
0.35,0.656,4
0.39999999999999997,0.673,6
0.44999999999999996,0.678,7
0.49999999999999994,0.684,8
0.5499999999999999,0.681,10
0.6,0.684,12
0.65,0.684,15
0.7000000000000001,0.685,18
0.7500000000000001,0.684,23
0.8000000000000002,0.682,29
0.8500000000000002,0.685,39
0.9000000000000002,0.682,57
0.9500000000000003,0.684,97
