var value,accuracy,number of features
0.01,0.873,434
0.02,0.86,332
0.03,0.877,272
0.04,0.882,201
0.05,0.894,151
0.060000000000000005,0.877,112
0.07,0.864,86
0.08,0.839,52
0.09,0.762,34
0.09999999999999999,0.611,17
0.10999999999999999,0.419,9
0.11999999999999998,0.327,5
0.12999999999999998,0.317,4
0.13999999999999999,0.178,1
0.15,0.178,1
0.16,0.178,1
