var value,accuracy,number of features
0.01,0.954,434
0.02,0.949,332
0.03,0.955,272
0.04,0.944,201
0.05,0.938,151
0.060000000000000005,0.923,112
0.07,0.921,86
0.08,0.883,52
0.09,0.815,34
0.09999999999999999,0.651,17
0.10999999999999999,0.427,9
0.11999999999999998,0.325,5
0.12999999999999998,0.321,4
0.13999999999999999,0.169,1
0.15,0.169,1
0.16,0.169,1
