var value,accuracy,number of features
0.01,0.919,434
0.02,0.916,332
0.03,0.911,272
0.04,0.908,201
0.05,0.899,151
0.060000000000000005,0.881,112
0.07,0.877,86
0.08,0.853,52
0.09,0.762,34
0.09999999999999999,0.609,17
0.10999999999999999,0.392,9
0.11999999999999998,0.322,5
0.12999999999999998,0.319,4
0.13999999999999999,0.174,1
0.15,0.174,1
0.16,0.174,1
