var value,accuracy,number of features
0.05,0.234,1
0.1,0.319,2
0.15000000000000002,0.684,4
0.2,0.825,6
0.25,0.861,8
0.3,0.902,11
0.35,0.928,15
0.39999999999999997,0.936,20
0.44999999999999996,0.935,26
0.49999999999999994,0.941,34
0.5499999999999999,0.942,43
0.6,0.94,53
0.65,0.943,66
0.7000000000000001,0.944,82
0.7500000000000001,0.945,101
0.8000000000000002,0.943,125
0.8500000000000002,0.937,157
0.9000000000000002,0.937,204
0.9500000000000003,0.934,290
