var value,accuracy,number of features
0.05,0.321,1
0.1,0.347,2
0.15000000000000002,0.633,4
0.2,0.771,6
0.25,0.816,8
0.3,0.877,11
0.35,0.902,15
0.39999999999999997,0.919,20
0.44999999999999996,0.916,26
0.49999999999999994,0.917,34
0.5499999999999999,0.922,43
0.6,0.929,53
0.65,0.923,66
0.7000000000000001,0.935,82
0.7500000000000001,0.937,101
0.8000000000000002,0.938,125
0.8500000000000002,0.928,157
0.9000000000000002,0.923,204
0.9500000000000003,0.918,290
