var value,accuracy,number of features
0.05,0.305,1
0.1,0.347,2
0.15000000000000002,0.604,4
0.2,0.737,6
0.25,0.786,8
0.3,0.828,11
0.35,0.863,15
0.39999999999999997,0.878,20
0.44999999999999996,0.89,26
0.49999999999999994,0.904,34
0.5499999999999999,0.91,43
0.6,0.913,53
0.65,0.915,66
0.7000000000000001,0.919,82
0.7500000000000001,0.92,101
0.8000000000000002,0.921,125
0.8500000000000002,0.916,157
0.9000000000000002,0.914,204
0.9500000000000003,0.9,290
