var value,accuracy,number of features
0.01,0.5255,160
0.02,0.497,45
0.03,0.4855,27
0.04,0.484,21
0.05,0.467,11
0.060000000000000005,0.467,6
0.07,0.467,4
0.08,0.467,3
0.09,0.467,1
0.09999999999999999,0.467,1
0.10999999999999999,0.467,1
0.11999999999999998,0.467,1
0.12999999999999998,0.467,1
0.13999999999999999,0.467,1
0.15,0.467,1
0.16,0.467,1
0.17,0.467,1
