var value,accuracy,number of features
0.01,0.7175,160
0.02,0.727,45
0.03,0.7235,27
0.04,0.7325,21
0.05,0.6355,11
0.060000000000000005,0.604,6
0.07,0.475,4
0.08,0.4615,3
0.09,0.468,1
0.09999999999999999,0.468,1
0.10999999999999999,0.468,1
0.11999999999999998,0.468,1
0.12999999999999998,0.468,1
0.13999999999999999,0.468,1
0.15,0.468,1
0.16,0.468,1
0.17,0.468,1
