var value,accuracy,number of features
0.05,0.271,1
0.1,0.271,1
0.15000000000000002,0.129,2
0.2,0.129,2
0.25,0.181,3
0.3,0.181,3
0.35,0.3,4
0.39999999999999997,0.212,6
0.44999999999999996,0.317,7
0.49999999999999994,0.3125,8
0.5499999999999999,0.217,10
0.6,0.284,13
0.65,0.3355,16
0.7000000000000001,0.296,20
0.7500000000000001,0.3365,25
0.8000000000000002,0.3695,33
0.8500000000000002,0.373,45
0.9000000000000002,0.441,67
0.9500000000000003,0.469,117
