var value,accuracy,number of features
0.05,0.2895,1
0.1,0.2895,1
0.15000000000000002,0.435,2
0.2,0.434,2
0.25,0.507,3
0.3,0.507,3
0.35,0.5215,4
0.39999999999999997,0.572,6
0.44999999999999996,0.577,7
0.49999999999999994,0.584,8
0.5499999999999999,0.611,10
0.6,0.6235,13
0.65,0.621,16
0.7000000000000001,0.6275,20
0.7500000000000001,0.627,25
0.8000000000000002,0.611,33
0.8500000000000002,0.595,45
0.9000000000000002,0.58,67
0.9500000000000003,0.545,117
