var value,accuracy,number of features
0.05,0.467,1
0.1,0.467,1
0.15000000000000002,0.4655,2
0.2,0.4655,2
0.25,0.468,3
0.3,0.468,3
0.35,0.4675,4
0.39999999999999997,0.468,6
0.44999999999999996,0.467,7
0.49999999999999994,0.4665,8
0.5499999999999999,0.4665,10
0.6,0.4655,13
0.65,0.4655,16
0.7000000000000001,0.4655,20
0.7500000000000001,0.4715,25
0.8000000000000002,0.487,33
0.8500000000000002,0.499,45
0.9000000000000002,0.5205,67
0.9500000000000003,0.541,117
