var value,accuracy,number of features
0.01,0.74,191
0.02,0.75,73
0.03,0.73,35
0.04,0.74,17
0.05,0.71,9
0.060000000000000005,0.7,6
0.07,0.72,5
0.08,0.68,3
0.09,0.72,1
0.09999999999999999,0.72,1
0.10999999999999999,0.72,1
