var value,accuracy,number of features
0.01,0.66,191
0.02,0.67,73
0.03,0.7,35
0.04,0.71,17
0.05,0.74,9
0.060000000000000005,0.75,6
0.07,0.75,5
0.08,0.76,3
0.09,0.74,1
0.09999999999999999,0.74,1
0.10999999999999999,0.74,1
