var value,accuracy,number of features
0.05,0.72,1
0.1,0.72,1
0.15000000000000002,0.72,2
0.2,0.72,2
0.25,0.72,3
0.3,0.72,3
0.35,0.72,4
0.39999999999999997,0.72,6
0.44999999999999996,0.72,7
0.49999999999999994,0.72,8
0.5499999999999999,0.72,10
0.6,0.72,12
0.65,0.72,15
0.7000000000000001,0.72,18
0.7500000000000001,0.72,23
0.8000000000000002,0.73,29
0.8500000000000002,0.72,39
0.9000000000000002,0.7,57
0.9500000000000003,0.66,97
