var value,accuracy,number of features
0.05,0.59,1
0.1,0.59,1
0.15000000000000002,0.66,2
0.2,0.66,2
0.25,0.7,3
0.3,0.7,3
0.35,0.69,4
0.39999999999999997,0.72,6
0.44999999999999996,0.73,7
0.49999999999999994,0.72,8
0.5499999999999999,0.73,10
0.6,0.74,12
0.65,0.73,15
0.7000000000000001,0.73,18
0.7500000000000001,0.73,23
0.8000000000000002,0.73,29
0.8500000000000002,0.73,39
0.9000000000000002,0.73,57
0.9500000000000003,0.73,97
