var value,accuracy,number of features
0.01,0.759,142
0.02,0.727,48
0.03,0.705,25
0.04,0.706,17
0.05,0.702,10
0.060000000000000005,0.701,7
0.07,0.708,4
0.08,0.67,2
0.09,0.67,1
0.09999999999999999,0.67,1
