var value,accuracy,number of features
0.01,0.7727967396841569,142
0.02,0.7407030056036679,53
0.03,0.7134488028527763,28
0.04,0.7078451349974528,17
0.05,0.7083545593479368,12
0.060000000000000005,0.696128374936322,7
0.07,0.6940906775343861,6
0.08,0.6660723382577687,3
0.09,0.6655629139072847,1
0.09999999999999999,0.6655629139072847,1
