var value,accuracy,number of features
0.01,0.8874172185430463,142
0.02,0.9093224656138563,53
0.03,0.9029546612328069,28
0.04,0.9060112073357106,17
0.05,0.9037187977585328,12
0.060000000000000005,0.7926642893530311,7
0.07,0.7857870606214977,6
0.08,0.6966377992868059,3
0.09,0.6701477330616403,1
0.09999999999999999,0.6701477330616403,1
