var value,accuracy,number of features
1.0,0.7096281202241467,1
2.0,0.7205807437595517,2
3.0,0.7343352012226184,3
4.0,0.739174732552216,4
5.0,0.7493632195618951,5
6.0,0.7544574630667346,6
7.0,0.7557310239429444,7
8.0,0.7572592969943963,8
9.0,0.7592969943963321,9
