var value,accuracy,number of features
1.0,0.5825267447784004,1
2.0,0.6940906775343861,2
3.0,0.7277126846663271,3
4.0,0.7483443708609272,4
5.0,0.7707590422822211,5
6.0,0.7862964849719817,6
7.0,0.7873153336729496,7
8.0,0.7949566989302088,8
9.0,0.7975038206826286,9
