var value,accuracy,number of features
0.05,0.67,1
0.1,0.67,1
0.15000000000000002,0.67,2
0.2,0.67,2
0.25,0.67,3
0.3,0.67,3
0.35,0.67,4
0.39999999999999997,0.67,6
0.44999999999999996,0.67,7
0.49999999999999994,0.67,8
0.5499999999999999,0.67,10
0.6,0.67,12
0.65,0.67,15
0.7000000000000001,0.67,19
0.7500000000000001,0.67,23
0.8500000000000001,0.69,44
0.9000000000000001,0.714,62
0.9500000000000001,0.732,110
