var value,accuracy,number of features
0.05,0.475,1
0.1,0.475,1
0.15000000000000002,0.475,1
0.2,0.475,1
0.25,0.475,1
0.3,0.856,2
0.35,0.856,2
0.39999999999999997,0.904,3
0.44999999999999996,0.904,3
0.49999999999999994,0.922,4
0.5499999999999999,0.922,4
0.6,0.959,5
0.65,0.962,6
0.7000000000000001,0.967,7
0.7500000000000001,0.971,9
0.8000000000000002,0.975,12
0.8500000000000002,0.98,15
0.9000000000000002,0.976,21
0.9500000000000003,0.982,31
