var value,accuracy,number of features
0.05,0.549,1
0.1,0.549,1
0.15000000000000002,0.549,1
0.2,0.549,1
0.25,0.549,1
0.3,0.853,2
0.35,0.853,2
0.39999999999999997,0.873,3
0.44999999999999996,0.873,3
0.49999999999999994,0.905,4
0.5499999999999999,0.905,4
0.6,0.949,5
0.65,0.945,6
0.7000000000000001,0.95,7
0.7500000000000001,0.954,9
0.8000000000000002,0.959,12
0.8500000000000002,0.967,15
0.9000000000000002,0.975,21
0.9500000000000003,0.979,31
