var value,accuracy,number of features
0.05,0.543,1
0.1,0.543,1
0.15000000000000002,0.543,1
0.2,0.543,1
0.25,0.543,1
0.3,0.844,2
0.35,0.844,2
0.39999999999999997,0.866,3
0.44999999999999996,0.866,3
0.49999999999999994,0.893,4
0.5499999999999999,0.893,4
0.6,0.939,5
0.65,0.944,6
0.7000000000000001,0.954,7
0.7500000000000001,0.956,9
0.8000000000000002,0.957,12
0.8500000000000002,0.964,15
0.9000000000000002,0.969,21
0.9500000000000003,0.979,31
